item,quantity,unit_bom_usd,unit_traced_usd,parts_usd,delivered_usd,evidence,trace_note
Lift motor (NEMA23-class stepper),1,30.0,24.99,30.0,34.8,sourced-class,live listing; torque-matched to >=2.0 N.m (NEMA23)
Mask gate index motor (small stepper),1,8.0,3.31,8.0,9.28,sourced-class,live listing traced 2026-09-29
Reset carriage motor (small stepper),1,8.0,3.31,8.0,9.28,sourced-class,live listing traced 2026-09-29
4x T8 lead screw + anti-backlash nut,1,24.0,28.76,24.0,27.84,sourced-listing,live listing traced 2026-09-29
Timing belt + 2 pulleys (4-screw sync),1,12.0,,12.0,13.92,sourced-class,sourced-class allowance (no retrieved trace)
Motor couplers + thrust washers,1,6.0,,6.0,6.96,sourced-class,sourced-class allowance (no retrieved trace)
Guide rods + bushings (platen),1,14.0,,14.0,16.24,sourced-class,sourced-class allowance (no retrieved trace)
Controller (RP2040/ESP32),1,5.0,5.0,5.0,5.8,sourced-live,committed LCSC C2040 basis (DND-56)
Stepper driver module (DRV8833-class),3,1.59,0.74,4.77,5.53,sourced-live,live listing traced 2026-09-29
Power supply + protection (24 V),1,12.0,,12.0,13.92,sourced-listing,sourced-class allowance (no retrieved trace)
Wire / connectors / loom,1,14.0,,14.0,16.24,sourced-class,sourced-class allowance (no retrieved trace)
Fasteners (M3 assortment),1,8.0,,8.0,9.28,sourced-class,sourced-class allowance (no retrieved trace)
Axis reference sensors,4,1.0,,4.0,4.64,sourced-class,sourced-class allowance (no retrieved trace)
Spares and miscellaneous,1,8.0,,8.0,9.28,assumption,"ASSUMPTION allowance (spares, DND-46 policy)"
Mask index mechanism (rack/cam + 8 linkages),1,15.0,,15.0,17.4,allowance,"DND-91/A5 allowance (capability, no retrieved trace)"
Reset carriage rail + frame hardware,1,20.0,,20.0,23.2,allowance,"DND-91/A5 allowance (capability, no retrieved trace)"
"Thrust bearings (4x, axial 2,560 N)",1,18.0,,18.0,20.88,allowance,"DND-91/A5 allowance (capability, no retrieved trace)"
Homing / limit switches (6 axes),1,3.0,,3.0,3.48,allowance,"DND-91/A5 allowance (capability, no retrieved trace)"
Cable chain / strain relief,1,8.0,,8.0,9.28,allowance,"DND-91/A5 allowance (capability, no retrieved trace)"
Power connector / switch / fuse,1,5.0,,5.0,5.8,allowance,"DND-91/A5 allowance (capability, no retrieved trace)"
TOTAL (WORKING: corrected committed BOM on the x1.16 additive basis),,,,226.77,263.05,,PURCHASED ceiling $250 (-$23.23; mission gate HOLDS); DELIVERED $250 (+$13.05; repo convention FAILS)
scenario reference (not additive),,,,,,,parts opt/work/high/hostile/lean = $199.79 / $226.77 / $245.61 / $300.58 / $187.26. All clear $250 PURCHASED. Delivered working $263.05 fails the repo's $250 delivered convention by $13.05. A5 capability allowances = $69.00.
