part,title,qty,material,nozzle_mm,layer_mm,orientation,supports,stl,stl_watertight,fits_256_bed,bbox_mm,est_mass_g,est_print_time,critical_feature,feature_value_mm,sourced_limit_mm,limit_rule,verdict,note
cell_cartridge,cell cartridge (27x27 cell tube block),9,PLA,0.4,0.2,"floor DOWN, cells open +Z; frame lip up",none (all walls vertical; bores vertical),cell_cartridge.stl,True,True,40.64 x 40.64 x 14,n/a (witness block),estimate via STL volume at slice time,cell wall / pawl chamber (WALL),0.9,0.88,min robust wall (2 lines),PASS,Full 27x27 block = 729 cells; STL is an 8x8 witness block (uniform pitch). Footprint 137.16 x 137.16 mm; mass from the analytic volume.
rotor,5-level stepped rotor cam,6400,PLA,0.4,0.2,axis +Z (upright),"none (round, self-supporting)",rotor.stl,True,True,3 x 3 x 7,236.85,5.31 h,rotor core diameter (2 x 1.0),2.0,0.88,min robust wall (2 lines),PASS,6400 cells; the printed height memory. Unchanged S5 geometry.
drive_pawl,drive pawl (load-bearing cantilever),6400,PLA,0.4,0.2,"cantilever Z, tip down; flat on its 0.70 face",none,drive_pawl.stl,True,True,1.4 x 1.2 x 9.6,61.33,1.37 h,pawl leaf thickness (PAWL_T),0.9,0.88,min robust wall (2 lines),PASS,6400 cells; the load-bearing leaf (DND-59 keeps it 2 lines).
keeper,keeper latch (leaf + 5-gate nose + compression shoulder),6400,PLA,0.4,0.2,leaf upright; shoulder bearing DOWN,none,keeper.stl,True,True,1.1 x 1.4 x 4,28.57,0.64 h,keeper leaf thickness (KEEPER_T),0.9,0.88,min robust wall (2 lines),PASS,6400 cells; DND-59 re-profile (was 0.45 mm = 1 line RISK).
detent_leaf,rotor detent leaf (0.40 mm scallop),6400,PLA,0.4,0.2,"leaf upright, scallop toward rotor",none,detent_leaf.stl,True,True,0.9 x 0.8 x 6,30.0,0.67 h,detent leaf wall,0.9,0.88,min robust wall (2 lines),PASS,6400 cells; K2 detent (DND-38/45).
rack_strip,printed rack strip (clamps to sourced rod),12,PLA,0.4,0.2,"teeth UP, base web DOWN",none (teeth on top),rack_strip.stl,True,True,137.16 x 3 x 2.68,n/a (witness block),estimate via STL volume at slice time,rack tooth gap (pitch - tooth),0.5,0.44,min standalone feature (1 line),PASS,Rack pitch 1.00 / tooth 0.50 mm (DND-58 corrected). Rod is sourced.
bank_drive_housing,bank drive housing (2 motors + pinion),1,PLA,0.4,0.2,"motor bosses horizontal, bed flat on the base",none (bores vertical in print orientation),bank_drive_housing.stl,True,True,60 x 40 x 30,n/a (witness block),estimate via STL volume at slice time,housing wall (60-2x11-... ),18.0,0.88,min robust wall (2 lines),PASS,Carries the 2 bank motors + pinion; the sourced rod passes through.
reset_comber,reset comber (rake tines),3,PLA,0.4,0.2,"body rail DOWN, tines +Z",none,reset_comber.stl,True,True,4 x 22.12 x 14,n/a (witness block),estimate via STL volume at slice time,comber tine thickness,0.9,0.88,min robust wall (2 lines),PASS,One comber per bank group (20 groups) -> 3 tines each.
writer_carriage,writer carriage (40 stations),1,PLA,0.4,0.2,"pockets +Z, travels in X",none (pockets vertical),writer_carriage.stl,True,True,44 x 25 x 28,n/a (witness block),estimate via STL volume at slice time,carriage wall,1.2,0.88,min robust wall (2 lines),PASS,40 writer solenoid pockets in 8 stations; off the dense field.
platen_module,platen lift module (27x27 tile),9,PLA,0.4,0.2,"plate flat, ribs UP",none,platen_module.stl,True,True,137.16 x 137.16 x 7,n/a (witness block),estimate via STL volume at slice time,stiffening rib width,3.0,0.88,min robust wall (2 lines),PASS,Supports the column field; <= ~150 mm spacing (DND-43 flatness).
lift_frame_rail,lift frame rail (module joiner),16,PLA,0.4,0.2,"rail lengthwise on bed, pockets UP",none,lift_frame_rail.stl,True,True,145.16 x 8 x 10,n/a (witness block),estimate via STL volume at slice time,rail wall / pocket wall,6.0,0.88,min robust wall (2 lines),PASS,Joins the 3x3 module array into a spliced frame.
guide_bracket,guide-rod / lead-screw bracket,8,PLA,0.4,0.2,"bores horizontal, bracket on its back face",none,guide_bracket.stl,True,True,16 x 3 x 20,n/a (witness block),estimate via STL volume at slice time,bracket wall (16-2x(4.2+... )),3.0,0.88,min robust wall (2 lines),PASS,Mounts guide rods + lift screws (DND-43 Step-6 layout).
solenoid_mount,writer solenoid pocket plate,1,PLA,0.4,0.2,pockets vertical,none,solenoid_mount.stl,True,True,41.6 x 6 x 4,n/a (witness block),estimate via STL volume at slice time,pocket plate wall,1.2,0.88,min robust wall (2 lines),PASS,One 8-pocket plate per writer station (8 stations).
comber_cam,comber drive cam,1,PLA,0.4,0.2,"axis +Z, flat",none,comber_cam.stl,True,True,15.8 x 16 x 4,n/a (witness block),estimate via STL volume at slice time,cam web,2.8,0.88,min robust wall (2 lines),PASS,Converts the bank reverse pass into the comber Z swing.
