"class_id","class","line","spec","unit","optimistic_usd","working_usd","high_usd","printable_excluded","consumable","evidence","sourced_ref","death_note"
"ACT","actuators","NEMA17-class bipolar stepper (open loop)","42-48 mm; 1.8 deg; 0.4-0.5 N m holding; 2-phase 4-wire","1","7.00","11.00","18.00","no","no","sourced-class","AliExpress/Amazon NEMA17 listings ~EUR 7-12; matched 0.45 N m ~$14-18","shared lift/axis drive; one unit is cheap; a per-cell NEMA17 is fatal"
"ACT","actuators","NEMA23-class bipolar stepper (open loop)","57 mm; 1.8 deg; 1.2-1.9 N m holding","1","22.00","30.00","42.00","no","no","sourced-class","BOM s6lc line 1 (30.0); NEMA23 1.26-1.9 N m $22-42","global-lift carries all 6400 cells; a per-cell NEMA23 is fatal"
"ACT","actuators","Small bipolar stepper (mask-gate / index / carriage)","20-28 mm; ~0.02-0.05 N m","1","5.00","8.00","13.00","no","no","sourced-class","BOM s6lc lines 3-4 (8.0 each); NEMA11/14-class $5-13","3-8 shared index actuators is the intent; >16 erodes the <$215 ceiling"
"ACT","actuators","Micro gearmotor (DC brushed, worm/planetary)","N20 6/12 V; 30-300 rpm","1","1.20","2.20","4.50","no","no","sourced-live","AliExpress N20 gearmotor ~EUR 1.2-4.5 ea; no matched torque curve","viable only if the cell repeats zero loaded position; per-cell N20 is $7.7k death"
"ACT","actuators","Bistable latching solenoid","5/12 V; 3-5 mm throw; 1 coil","1","3.00","4.50","7.00","no","no","sourced-class","Adafruit 2776 $3.96@100; latching variants ~$4-7","per-cell solenoid = $25k+; per-bank/gate only"
"ACT","actuators","Monostable push-pull solenoid","5 V; 3 mm throw (Adafruit 2776 class)","1","3.96","4.45","4.95","no","no","sourced-live","Adafruit product 2776 qty table $4.95/1 $4.46/10 $3.96/100+","legacy S5 40-solenoid writer: 40x$4.45=$178 dominated the old BOM; keep count tiny"
"ACT","actuators","Peristaltic / diaphragm micro pump (if relevant)","3-12 V; ~30-100 mL/min","1","2.50","5.00","9.00","no","no","sourced-class","Aquarium/medical micro-pump listings $2.5-9","pneumatic/hydraulic classes need 1-8 pumps total; per-cell pump impossible"
"ACT","actuators","2/3-port micro solenoid valve","12 V; ~1-3 mm orifice","1","2.20","4.00","7.50","no","no","sourced-class","Aquarium CO2/small pneumatic valves $2.2-7.5","valves scale with addressable cells unless a shared manifold gates banks"
"TRN","transmission","T8 lead screw + anti-backlash nut","300 mm; <=2 mm lead; 8 mm dia (pair)","1","9.00","13.00","22.00","no","no","sourced-live","AliExpress T8 ~EUR 2.89 + anti-backlash nut ~EUR 2.47; 4x set $24 (s6lc line 5)","1-4 screws for the whole board; per-cell screws = death"
"TRN","transmission","Guide rod (hardened/smooth steel)","6-10 mm dia; 300-406 mm","1","2.20","4.00","7.00","no","no","sourced-class","AliExpress brass/steel rod ~EUR 4.39","lateral guidance for shared platen only"
"TRN","transmission","Anti-backlash / lead nut (lead screw)","T8 POM anti-backlash","1","1.80","2.50","4.00","no","no","sourced-live","AliExpress T8 anti-backlash nut ~EUR 2.47","shared lift axes only"
"TRN","transmission","Linear rail + carriage (MGN12-class)","MGN12H 200-400 mm + block","1","6.00","11.00","18.00","no","no","sourced-class","MGN12 rails $6-18 with block; matched rail/block needed","low-count carriage axes only; per-row rails blow the budget"
"TRN","transmission","Miniature linear bushing / sleeve bearing","LM6UU / 6 mm","1","0.25","0.45","0.90","no","no","sourced-live","AliExpress LM6UU ~EUR 0.25-0.9 (10-pk)","used at ~8-16 per board"
"TRN","transmission","Miniature ball/roller bearing","681X/682ZZ/683ZZ/MR series","1","0.26","0.34","0.60","no","no","sourced-live","AliExpress 0.26-0.34 ea (10-pk); no 80-unit contract price","per-cell bearings are fatal ($2.1k at $0.34); only shared shafts/idlers"
"TRN","transmission","Timing belt + pulleys","2GT/GT2 6 mm; matched pair","1","4.00","7.00","12.00","no","no","sourced-class","BOM s6lc line 6 (belt+2 pulleys 12.0); GT2 belt ~$2-4 + pulleys ~$1-2 ea","used to synchronise the lift screws"
"TRN","transmission","Rigid / flexible shaft coupler","5/6/8 mm bores","1","0.70","1.20","2.00","no","no","sourced-live","AliExpress brass/aluminium coupler EUR 0.72-1.90 ea (packs)","count = motor count only"
"TRN","transmission","Thrust bearing (axial load take-out)","51100-class / 8-10 mm","1","1.50","2.50","4.50","no","no","sourced-class","BOM s6lc line 18 (4x axial 2560 N = 18.0 -> 4.5 ea)","lift axis only"
"TRN","transmission","Thrust washer / shim pack","assorted","1","1.00","2.00","4.00","no","no","sourced-class","BOM s6lc line 7 (couplers + washers 6.0)","shared lift axes"
"TRN","transmission","Shaft / axle rod (coupling, short)","3-6 mm dia","1","0.50","1.00","2.00","no","no","sourced-class","Allowance","shared drive shafts"
"MED","media","Punched card / punched film (mask medium)","per map-level medium sheet","sheet","0.15","0.60","2.00","yes","no","sourced-class","DND-91 A5: mask medium never listed; card stock ~$0.1-0.5/sheet","consumable if card: one medium per height level per map; flag it purchased"
"MED","media","Continuous punched tape / roll film","per metre","m","0.40","1.20","3.00","yes","yes","sourced-class","Receipt/plotter roll film ~$0.4-3/m; punching off-line","sustained cycles consume tape; explicit consumable line"
"MED","media","Perforated / embossed sheet (reusable)","per sheet","sheet","0.60","1.50","3.50","yes","no","sourced-class","Reusable media amortises over cycles; punching/embossing is tooling","reusable only if rewriteable without a bought per-cell writer"
"MED","media","Thin shim / cover film (anti-dust, registration)","per board","1","1.00","3.00","6.00","yes","yes","sourced-class","Allowance","consumable wear part over the dense field"
"MED","media","Card puncher (shared tool)","manual/automatic punch","1","8.00","20.00","45.00","no","yes","sourced-class","DND-91 A5: card puncher excluded by declaration as shared tool","a real auto punch is a purchased writer subsystem and must be costed"
"ELE","electronics","Controller MCU module","RP2040/ESP32 board","1","4.00","5.00","9.00","no","no","sourced-live","LCSC RP2040 C2040 $0.7645@100; ESP32-WROOM-32E $3.42@100","board-level control; not per-cell"
"ELE","electronics","Bipolar stepper driver IC (dual H-bridge)","DRV8833PWPR / TB6612FNG","1","0.66","0.80","1.33","no","no","sourced-live","LCSC TB6612FNG C88224 $0.7955@100; DRV8833PWPR C50506 $1.3338@100","count = motors/2; a per-cell driver is fatal"
"ELE","electronics","High-current DC motor driver","DRV8871/TB67H450-class","1","1.20","2.00","3.50","no","no","sourced-class","LCSC/AliExpress 1-3.5 A driver ~$1.2-3.5","pumps / solenoid banks only"
"ELE","electronics","Shift register / I/O expander","74HC595D etc","1","0.09","0.13","0.30","no","no","sourced-live","LCSC 74HC595D C5947 $0.0925@50; $0.0802@150","shared low-cost fan-out; 80-320 of these are cents each"
"ELE","electronics","Darlington array (solenoid driver)","ULN2003ADR","1","0.10","0.15","0.35","no","no","sourced-live","LCSC ULN2003ADR C7512 $0.1547@1; $0.1012@100","legacy S5 writer; 5 chips at ~$0.15"
"ELE","electronics","Level shifter / gate drive","logic","1","0.10","0.25","0.50","no","no","sourced-class","Allowance","shared logic"
"PWR","power","24 V SMPS (main)","200 W class","1","5.39","12.00","22.00","no","no","sourced-live","AliExpress 24 V SMPS from EUR 5.39; BOM s6lc line 11 (12.0)","shared PSU only"
"PWR","power","12 V / 5 V DC-DC regulator","buck module","1","0.80","1.80","3.50","no","no","sourced-class","AliExpress buck modules ~$0.8-3.5","shared rails"
"PWR","power","Power connector / switch / fuse","assorted","1","2.00","5.00","9.00","no","no","sourced-class","BOM s6lc line 21 (5.0)","one set per board"
"WIR","wiring","Wire / ribbon / loom (bulk)","per board","1","6.00","14.00","26.00","no","no","sourced-class","BOM s6lc line 12 (wire/connectors/loom 14.0)","scales with actuator count; a per-cell loom is the hidden cost"
"WIR","wiring","Connector kit (JST-XH / Dupont)","assorted","1","2.52","5.00","8.49","no","no","sourced-live","AliExpress connector kits EUR 2.52-8.49","one kit per board"
"WIR","wiring","Cable chain / strain relief","moving carriage","1","4.00","8.00","14.00","no","no","sourced-class","BOM s6lc line 20 (8.0)","travelling writer/reset carriage"
"SEN","sensors","Hall / slot home sensor (datum)","per reference axis","1","0.60","1.00","2.00","no","no","sourced-class","BOM s6lc lines 14/19 (4 datum + 6 axes)","datum only; per-cell sensing is fatal"
"SEN","sensors","Optical / magnetic encoder (optional)","per motor","1","1.50","3.00","6.00","no","no","sourced-class","Allowance","only on shared motors"
"SEN","sensors","Per-cell height verification (camera / scan)","per board","1","15.00","35.00","90.00","no","no","assumption","DND-91 A6: no per-cell feedback; one camera/top-scan for the whole map","the recovery path for silent errors; must be a top-level allowance not $0"
"STR","structure","Printed sub-tile splice hardware (bolts/nuts)","M3 assortment","1","5.19","8.09","12.00","no","no","sourced-live","AliExpress M3 assortment EUR 5.19-8.09","406 mm frame printed as 4+ sub-tiles; splice hardware is bought"
"STR","structure","Fasteners (M2/M3 assortment + heat-set inserts)","assorted","1","5.00","8.00","14.00","no","no","sourced-live","AliExpress M2/M3 assortment EUR 5.19-8.09; BOM s6lc line 13 (8.0)","printed structure is free; inserts+bolts are bought"
"STR","structure","Structural extrusion / baseboard (optional)","2020 / MDF","1","6.00","14.00","28.00","no","no","sourced-class","Allowance","printed frame preferred by project rule; bought frame is a fallback"
"STR","structure","Adhesive / threadlock / lubricant","lubricant+retainer","1","3.00","8.00","16.00","no","no","sourced-class","DND-91 A5 mentions lubrication; consumable","consumable; dry-lubricant choice is a wear interface"
"MIS","miscellaneous","Spares and miscellaneous","per policy","1","4.00","8.00","15.00","no","no","assumption","BOM s6lc line 15 (8.0) DND-46 policy","kept per DND-46 policy"
